{"count":1,"self":68.7474624,"total":589.0586544,"children":{"InitializeActuators":{"count":35,"self":0.0010008999999999999,"total":0.0010008999999999999,"children":null},"InitializeSensors":{"count":35,"self":0.0025203,"total":0.0025203,"children":null},"AgentSendState":{"count":58467,"self":21.281288,"total":27.5996278,"children":{"CollectObservations":{"count":409290,"self":0.70704159999999994,"total":0.70704159999999994,"children":null},"WriteActionMask":{"count":409290,"self":0.28478559999999997,"total":0.28478559999999997,"children":null},"RequestDecision":{"count":409290,"self":1.2898174999999998,"total":5.3265122,"children":{"AgentInfo.ToProto":{"count":409290,"self":0.92053409999999991,"total":4.0366947,"children":{"GenerateSensorData":{"count":409290,"self":2.5737736,"total":3.1161605999999997,"children":{"RayPerceptionSensor.Perceive":{"count":409290,"self":0.5423869,"total":0.5423869,"children":null}}}}}}}}},"DecideAction":{"count":58467,"self":488.2913792,"total":488.2913756,"children":null},"AgentAct":{"count":58467,"self":3.7797232,"total":3.7797229999999997,"children":null},"AgentInfo.ToProto":{"count":25374,"self":0.18643459999999998,"total":0.6353974,"children":{"GenerateSensorData":{"count":25374,"self":0.3613104,"total":0.4489628,"children":{"RayPerceptionSensor.Perceive":{"count":25374,"self":0.087652399999999991,"total":0.087652399999999991,"children":null}}}}}},"gauges":{"Agent Controller.CumulativeReward":{"count":25374,"max":3.930997,"min":-4.594922,"runningAverage":1.86340344,"value":1.895,"weightedAverage":1.91238475}},"metadata":{"timer_format_version":"0.1.0","start_time_seconds":"1732456775","unity_version":"2022.3.16f1","command_line_arguments":"C:\\Program Files\\Unity\\Hub\\Editor\\2022.3.16f1\\Editor\\Unity.exe -projectpath F:\\test1 -useHub -hubIPC -cloudEnvironment production -licensingIpc LicenseClient-ADMIN -hubSessionId e3a6b85b-dbea-4308-9321-e8dd330bfb9b -accessToken Dfd2xV5adjEirT9anZOv_e9b2R7oWHlL5O6JA_wtTHM007f","communication_protocol_version":"1.5.0","com.unity.ml-agents_version":"2.0.1","scene_name":"SampleScene","end_time_seconds":"1732457364"}}