{
    "name": "root",
    "gauges": {
        "AgentController.Policy.Entropy.mean": {
            "value": 1.3232334852218628,
            "min": 1.3232334852218628,
            "max": 1.4227019548416138,
            "count": 20
        },
        "AgentController.Policy.Entropy.sum": {
            "value": 39505.13671875,
            "min": 39505.13671875,
            "max": 44167.78125,
            "count": 20
        },
        "AgentController.Environment.EpisodeLength.mean": {
            "value": 10.766417616987809,
            "min": 10.697111631537862,
            "max": 77.82621082621083,
            "count": 20
        },
        "AgentController.Environment.EpisodeLength.sum": {
            "value": 27379.0,
            "min": 27317.0,
            "max": 31380.0,
            "count": 20
        },
        "AgentController.Step.mean": {
            "value": 599990.0,
            "min": 29972.0,
            "max": 599990.0,
            "count": 20
        },
        "AgentController.Step.sum": {
            "value": 599990.0,
            "min": 29972.0,
            "max": 599990.0,
            "count": 20
        },
        "AgentController.Policy.ExtrinsicValueEstimate.mean": {
            "value": 1.877166748046875,
            "min": 0.02698277309536934,
            "max": 1.8846851587295532,
            "count": 20
        },
        "AgentController.Policy.ExtrinsicValueEstimate.sum": {
            "value": 4798.0380859375,
            "min": 18.42923355102539,
            "max": 4826.6787109375,
            "count": 20
        },
        "AgentController.Environment.CumulativeReward.mean": {
            "value": 1.9964719717757742,
            "min": 0.17094017094017094,
            "max": 1.9988262910798122,
            "count": 20
        },
        "AgentController.Environment.CumulativeReward.sum": {
            "value": 5093.0,
            "min": 60.0,
            "max": 5109.0,
            "count": 20
        },
        "AgentController.Policy.ExtrinsicReward.mean": {
            "value": 1.9964719717757742,
            "min": 0.17094017094017094,
            "max": 1.9988262910798122,
            "count": 20
        },
        "AgentController.Policy.ExtrinsicReward.sum": {
            "value": 5093.0,
            "min": 60.0,
            "max": 5109.0,
            "count": 20
        },
        "AgentController.Losses.PolicyLoss.mean": {
            "value": 0.06673530449406205,
            "min": 0.06257912825840788,
            "max": 0.07244715584107699,
            "count": 20
        },
        "AgentController.Losses.PolicyLoss.sum": {
            "value": 0.20020591348218614,
            "min": 0.14375408409704638,
            "max": 0.21734146752323097,
            "count": 20
        },
        "AgentController.Losses.ValueLoss.mean": {
            "value": 0.003651878950453066,
            "min": 0.002954542415566143,
            "max": 0.1572248539821035,
            "count": 20
        },
        "AgentController.Losses.ValueLoss.sum": {
            "value": 0.010955636851359198,
            "min": 0.008863627246698428,
            "max": 0.4716745619463105,
            "count": 20
        },
        "AgentController.Policy.LearningRate.mean": {
            "value": 8.361032486153335e-05,
            "min": 8.361032486153335e-05,
            "max": 0.00019699250150375001,
            "count": 20
        },
        "AgentController.Policy.LearningRate.sum": {
            "value": 0.00025083097458460004,
            "min": 0.00025083097458460004,
            "max": 0.0005758942120529001,
            "count": 20
        },
        "AgentController.Policy.Epsilon.mean": {
            "value": 0.14180513333333336,
            "min": 0.14180513333333336,
            "max": 0.19849625000000004,
            "count": 20
        },
        "AgentController.Policy.Epsilon.sum": {
            "value": 0.4254154000000001,
            "min": 0.3969925000000001,
            "max": 0.5879471,
            "count": 20
        },
        "AgentController.Policy.Beta.mean": {
            "value": 0.00418633282,
            "min": 0.00418633282,
            "max": 0.009849775375000001,
            "count": 20
        },
        "AgentController.Policy.Beta.sum": {
            "value": 0.01255899846,
            "min": 0.01255899846,
            "max": 0.02879591529,
            "count": 20
        },
        "AgentController.IsTraining.mean": {
            "value": 1.0,
            "min": 1.0,
            "max": 1.0,
            "count": 20
        },
        "AgentController.IsTraining.sum": {
            "value": 1.0,
            "min": 1.0,
            "max": 1.0,
            "count": 20
        }
    },
    "metadata": {
        "timer_format_version": "0.1.0",
        "start_time_seconds": "1732405233",
        "python_version": "3.7.16 (default, Jan 17 2023, 16:06:28) [MSC v.1916 64 bit (AMD64)]",
        "command_line_arguments": "C:\\Users\\ADMIN\\anaconda3\\envs\\unityproject\\Scripts\\mlagents-learn --force F:\\test1\\trainingfile\\training1.yaml --run-id=firstrun",
        "mlagents_version": "0.28.0",
        "mlagents_envs_version": "0.28.0",
        "communication_protocol_version": "1.5.0",
        "pytorch_version": "1.7.1+cu110",
        "numpy_version": "1.21.6",
        "end_time_seconds": "1732405846"
    },
    "total": 612.8066139,
    "count": 1,
    "self": 0.004539099999988139,
    "children": {
        "run_training.setup": {
            "total": 0.07076910000000003,
            "count": 1,
            "self": 0.07076910000000003
        },
        "TrainerController.start_learning": {
            "total": 612.7313057,
            "count": 1,
            "self": 1.1116905999971323,
            "children": {
                "TrainerController._reset_env": {
                    "total": 10.0670263,
                    "count": 1,
                    "self": 10.0670263
                },
                "TrainerController.advance": {
                    "total": 601.4861894000029,
                    "count": 43697,
                    "self": 0.5460601000022507,
                    "children": {
                        "env_step": {
                            "total": 600.9401293000006,
                            "count": 43697,
                            "self": 442.231784099993,
                            "children": {
                                "SubprocessEnvManager._take_step": {
                                    "total": 158.01949500000325,
                                    "count": 43697,
                                    "self": 1.6675730000024487,
                                    "children": {
                                        "TorchPolicy.evaluate": {
                                            "total": 156.3519220000008,
                                            "count": 17213,
                                            "self": 40.51311750000447,
                                            "children": {
                                                "TorchPolicy.sample_actions": {
                                                    "total": 115.83880449999633,
                                                    "count": 17213,
                                                    "self": 115.83880449999633
                                                }
                                            }
                                        }
                                    }
                                },
                                "workers": {
                                    "total": 0.6888502000044578,
                                    "count": 43697,
                                    "self": 0.0,
                                    "children": {
                                        "worker_root": {
                                            "total": 603.3702816000025,
                                            "count": 43697,